{"cameraMode":{"drawMode":0,"name":"Shaded","section":"Shading Mode"},"sceneLighting":false,"audioPlay":false,"sceneViewState":{"showFog":true,"showMaterialUpdate":false,"showSkybox":false,"showFlares":true,"showImageEffects":true,"showParticleSystems":true},"in2DMode":false,"pivot":{"x":-0.37560176849365237,"y":1.0388673543930054,"z":-1.3433061838150025},"rotation":{"x":0.14381009340286256,"y":-0.004458793438971043,"z":0.0006486106431111693,"w":0.9896118640899658},"size":1.8610466718673707,"orthographic":false}