{"cameraMode":{"drawMode":0,"name":"Shaded","section":"Shading Mode"},"sceneLighting":false,"audioPlay":false,"sceneViewState":{"showFog":true,"showMaterialUpdate":false,"showSkybox":false,"showFlares":true,"showImageEffects":true,"showParticleSystems":true},"in2DMode":false,"pivot":{"x":-0.526066780090332,"y":0.5366594791412354,"z":0.638195276260376},"rotation":{"x":0.15381529927253724,"y":-0.2418997585773468,"z":0.0388508178293705,"w":0.9573022127151489},"size":3.7770230770111086,"orthographic":false}