{"cameraMode":{"drawMode":0,"name":"Shaded","section":"Shading Mode"},"sceneLighting":false,"audioPlay":false,"sceneViewState":{"showFog":true,"showMaterialUpdate":false,"showSkybox":false,"showFlares":true,"showImageEffects":true,"showParticleSystems":true},"in2DMode":false,"pivot":{"x":4.145479202270508,"y":3.9706921577453615,"z":7.149308204650879},"rotation":{"x":0.18498125672340394,"y":0.05156278982758522,"z":-0.009719446301460266,"w":0.9813544750213623},"size":1.8644142150878907,"orthographic":false}