{"cameraMode":{"drawMode":0,"name":"Shaded","section":"Shading Mode"},"sceneLighting":false,"audioPlay":false,"sceneViewState":{"showFog":true,"showMaterialUpdate":false,"showSkybox":false,"showFlares":true,"showImageEffects":true,"showParticleSystems":true},"in2DMode":false,"pivot":{"x":0.5613181591033936,"y":3.701751232147217,"z":-12.779038429260254},"rotation":{"x":0.2040468156337738,"y":-0.05430738255381584,"z":0.011337105184793473,"w":0.9773948788642883},"size":2.1115801334381105,"orthographic":false}