{"cameraMode":{"drawMode":0,"name":"Shaded","section":"Shading Mode"},"sceneLighting":false,"audioPlay":false,"sceneViewState":{"showFog":true,"showMaterialUpdate":false,"showSkybox":false,"showFlares":true,"showImageEffects":true,"showParticleSystems":true},"in2DMode":false,"pivot":{"x":-0.32145944237709048,"y":1.9383760690689088,"z":0.5968368649482727},"rotation":{"x":0.14380869269371034,"y":-0.004459320567548275,"z":0.0006486573838628829,"w":0.9896018505096436},"size":0.3581128716468811,"orthographic":false}